{"cameraMode":{"drawMode":0,"name":"Shaded","section":"Shading Mode"},"sceneLighting":false,"audioPlay":false,"sceneViewState":{"showFog":false,"showMaterialUpdate":false,"showSkybox":false,"showFlares":false,"showImageEffects":false,"showParticleSystems":false},"in2DMode":false,"pivot":{"x":-1.8962085247039796,"y":-0.15269041061401368,"z":-2.243335247039795},"rotation":{"x":0.0475737638771534,"y":-0.9375714659690857,"z":0.31395259499549868,"w":0.14229528605937959},"size":6.9843363761901859,"orthographic":false}