{"cameraMode":{"drawMode":0,"name":"Shaded","section":"Shading Mode"},"sceneLighting":false,"audioPlay":false,"sceneViewState":{"showFog":true,"showMaterialUpdate":false,"showSkybox":false,"showFlares":true,"showImageEffects":true,"showParticleSystems":true},"in2DMode":false,"pivot":{"x":3.296720504760742,"y":-0.3701396882534027,"z":0.13983383774757386},"rotation":{"x":-0.07078514993190766,"y":-0.8865435719490051,"z":0.1446225494146347,"w":-0.4338490068912506},"size":4.996272087097168,"orthographic":false}